is active at dawn and dusk,Prawn,Puma,Koala,Fish,Donkey,Armadillo,Ocelot,Vole,Urial,Louse,Lungfish,Weasel,Rabbit,Antelope,Wombat,Aardvark,Turtle,Rodent,Mule,Ladybug,Xerinae,Tiger,Lizard,Catshark,Toad,Peacock,Skunk,Walrus,Aphid,Stingray,Kingfisher,Egret,Heron,Crayfish,Warbler,Boar,Hoverfly,Trout,Swordtail,Wolf,Blackbird,Roadrunner,Turkey,Whitefish,Wildcat,Tiglon,Worm,Lemming,Lark,Wildfowl,Mink,Hummingbird,Gamefowl,Whale,Hamster,Guppy,Manatee,Dingo,Silverfish,Wallaby,Ape,Octopus,Sloth,Whippet,Zebra,Bandicoot,Shark,Finch,Wildebeest,Rooster,Wren,Scallop,Vicuna,Vulture,Giraffe,Yak,Beetle,Haddock,Tuna,Tortoise,Chinchilla,Bobolink,Woodpecker,Flea,Kiwi,Goldfish,Shrimp,Porpoise,Wasp,Bison,Viper
live on land,Tiger,Puma,Lizard,Koala,Lark,Wildebeest,Rooster,Toad,Skunk,Donkey,Wren,Mink,Armadillo,Ocelot,Vole,Gamefowl,Walrus,Aphid,Wildcat,Urial,Vicuna,Giraffe,Hamster,Vulture,Wolverine,Egret,Yak,Beetle,Weasel,Rabbit,Warbler,Antelope,Boar,Dingo,Wombat,Silverfish,Wallaby,Tyrannosaurus,Ape,Whitefish,Aardvark,Tortoise,Turtle,Sloth,Whippet,Rodent,Chinchilla,Bobolink,Woodpecker,Wolf,Zebra,Kiwi,Earwig,Mule,Bandicoot,Ladybug,Roadrunner,Turkey,Wasp,Bison,Worm,Finch,Lemming
eat plants,Koala,Lark,Wildebeest,Fish,Donkey,Wren,Armadillo,Aphid,Urial,Vicuna,Giraffe,Hamster,Guppy,Yak,Rabbit,Manatee,Antelope,Wombat,Haddock,Ape,Turtle,Tortoise,Sloth,Swordtail,Zebra,Kiwi,Turkey,Bison,Toucan
eat fruits,Prawn,Koala,Lark,Donkey,Wren,Hummingbird,Vole,Aphid,Wildcat,Kingfisher,Urial,Vicuna,Hamster,Heron,Rabbit,Warbler,Wallaby,Aardvark,Tortoise,Turtle,Sloth,Chinchilla,Zebra,Kiwi,Bandicoot,Turkey,Wasp,Toucan,Finch
eat leaves,Koala,Lark,Wildfowl,Peacock,Donkey,Worm,Mink,Vole,Aphid,Urial,Vicuna,Giraffe,Louse,Egret,Beetle,Warbler,Wombat,Haddock,Wallaby,Tortoise,Sloth,Xerinae,Zebra,Kiwi,Blackbird,Ladybug,Bison,Toucan,Finch
crawl on the ground,Prawn,Tiger,Puma,Lizard,Koala,Lark,Wildfowl,Toad,Skunk,Worm,Wren,Mink,Armadillo,Ocelot,Vole,Mollusk,Walrus,Aphid,Wildcat,Stingray,Kingfisher,Urial,Vicuna,Giraffe,Hamster,Vulture,Wolverine,Louse,Lungfish,Yak,Guppy,Beetle,Weasel,Heron,Crayfish,Manatee,Warbler,Antelope,Dingo,Wombat,Silverfish,Haddock,Tuna,Wallaby,Ape,Hoverfly,Octopus,Aardvark,Tortoise,Turtle,Sloth,Xerinae,Rodent,Chinchilla,Tiglon,Flea,Zebra,Kiwi,Blackbird,Earwig,Bandicoot,Mule,Shrimp,Ladybug,Roadrunner,Whitefish,Wasp,Bison,Toucan,Finch,Lemming,Viper
is active during the night,Puma,Lizard,Koala,Lark,Wildebeest,Fish,Catshark,Anglerfish,Toad,Skunk,Donkey,Wren,Mink,Armadillo,Ocelot,Vole,Mollusk,Vulture,Wolverine,Hamster,Egret,Beetle,Heron,Rabbit,Crayfish,Dingo,Wombat,Silverfish,Octopus,Aardvark,Sloth,Whippet,Xerinae,Rodent,Chinchilla,Tiglon,Wolf,Flea,Kiwi,Blackbird,Earwig,Bandicoot,Mule,Shrimp,Turkey,Wasp,Shark,Viper
prefer to live in groups,Tiger,Puma,Lizard,Koala,Lark,Wildebeest,Rooster,Fish,Wildfowl,Toad,Peacock,Donkey,Wren,Mink,Ocelot,Scallop,Vole,Gamefowl,Mollusk,Walrus,Aphid,Wildcat,Whale,Kingfisher,Vicuna,Vulture,Giraffe,Hamster,Louse,Guppy,Yak,Egret,Beetle,Heron,Rabbit,Crayfish,Manatee,Warbler,Antelope,Boar,Dingo,Wombat,Silverfish,Haddock,Tuna,Tyrannosaurus,Ape,Whitefish,Octopus,Aardvark,Tortoise,Whippet,Xerinae,Trout,Swordtail,Rodent,Chinchilla,Tiglon,Wolf,Zebra,Blackbird,Goldfish,Bandicoot,Mule,Shrimp,Roadrunner,Porpoise,Turkey,Bison,Toucan,Finch,Lemming
live in trees,Woodpecker,Warbler,Koala,Vulture,Blackbird,Ape,Egret,Wren,Sloth,Hummingbird,Xerinae,Toucan,Aphid
walk on the ground,Prawn,Tiger,Puma,Lizard,Koala,Lark,Wildebeest,Rooster,Wildfowl,Toad,Peacock,Skunk,Donkey,Worm,Wren,Mink,Armadillo,Ocelot,Vole,Gamefowl,Walrus,Aphid,Wildcat,Vicuna,Vulture,Giraffe,Hamster,Wolverine,Louse,Guppy,Yak,Egret,Beetle,Heron,Rabbit,Crayfish,Antelope,Boar,Dingo,Wombat,Silverfish,Haddock,Wallaby,Tyrannosaurus,Ape,Hoverfly,Aardvark,Tortoise,Turtle,Whippet,Xerinae,Rodent,Chinchilla,Wolf,Zebra,Kiwi,Blackbird,Earwig,Bandicoot,Mule,Ladybug,Turkey,Wasp,Bison,Toucan,Finch,Lemming
hunt other animals,Tiger,Puma,Lizard,Lark,Catshark,Anglerfish,Skunk,Wren,Mink,Ocelot,Vole,Wildcat,Kingfisher,Urial,Vulture,Egret,Weasel,Heron,Boar,Dingo,Tyrannosaurus,Whitefish,Aardvark,Whippet,Xerinae,Tiglon,Wolf,Earwig,Bandicoot,Roadrunner,Turkey,Wasp,Shark,Viper
is active during the day,Prawn,Puma,Lizard,Lark,Wildebeest,Rooster,Fish,Wildfowl,Donkey,Wren,Armadillo,Hummingbird,Ocelot,Scallop,Gamefowl,Mollusk,Vole,Aphid,Wildcat,Kingfisher,Vicuna,Giraffe,Hamster,Louse,Lungfish,Yak,Egret,Beetle,Heron,Rabbit,Crayfish,Manatee,Warbler,Antelope,Dingo,Haddock,Wallaby,Ape,Whitefish,Hoverfly,Turtle,Whippet,Trout,Swordtail,Bobolink,Woodpecker,Zebra,Blackbird,Goldfish,Bandicoot,Mule,Ladybug,Roadrunner,Porpoise,Turkey,Wasp,Tiglon,Toucan,Finch,Viper
lays eggs,Puma,Lizard,Lark,Fish,Catshark,Anglerfish,Peacock,Toad,Wildfowl,Wren,Hummingbird,Scallop,Gamefowl,Mollusk,Aphid,Kingfisher,Vulture,Louse,Lungfish,Egret,Beetle,Heron,Crayfish,Warbler,Silverfish,Wombat,Haddock,Wallaby,Tyrannosaurus,Hoverfly,Octopus,Turtle,Tortoise,Trout,Swordtail,Bobolink,Woodpecker,Kiwi,Blackbird,Goldfish,Earwig,Mule,Shrimp,Ladybug,Roadrunner,Wasp,Xerinae,Toucan,Finch
fly in the sky,Woodpecker,Warbler,Kingfisher,Lark,Vulture,Wildfowl,Blackbird,Louse,Egret,Ladybug,Heron,Wren,Hummingbird,Wasp,Xerinae,Toucan,Finch,Bobolink
eat meats,Tiger,Puma,Rooster,Fish,Catshark,Anglerfish,Wren,Ocelot,Wildcat,Urial,Vulture,Wolverine,Weasel,Heron,Warbler,Boar,Dingo,Tuna,Wallaby,Tyrannosaurus,Whippet,Xerinae,Tiglon,Wolf,Flea,Earwig,Bandicoot,Shrimp,Turkey,Shark
hunt insects,Prawn,Puma,Lizard,Lark,Rooster,Fish,Wildfowl,Toad,Peacock,Skunk,Worm,Wren,Armadillo,Hummingbird,Vole,Mollusk,Kingfisher,Urial,Vicuna,Louse,Guppy,Egret,Yak,Beetle,Weasel,Heron,Warbler,Dingo,Wombat,Silverfish,Wallaby,Ape,Whitefish,Aardvark,Tortoise,Turtle,Sloth,Whippet,Trout,Swordtail,Rodent,Xerinae,Bobolink,Woodpecker,Flea,Kiwi,Blackbird,Earwig,Bandicoot,Mule,Shrimp,Ladybug,Roadrunner,Turkey,Wasp,Tiglon,Toucan
eat both plants and animals,Tiger,Puma,Lark,Fish,Wildfowl,Donkey,Wren,Mink,Armadillo,Ocelot,Vole,Gamefowl,Mollusk,Walrus,Wildcat,Kingfisher,Urial,Vulture,Wolverine,Hamster,Louse,Lungfish,Guppy,Yak,Beetle,Weasel,Heron,Rabbit,Crayfish,Manatee,Antelope,Boar,Wombat,Haddock,Wallaby,Ape,Whitefish,Octopus,Turtle,Tortoise,Xerinae,Swordtail,Rodent,Bobolink,Tiglon,Flea,Kiwi,Blackbird,Goldfish,Bandicoot,Mule,Shrimp,Ladybug,Turkey,Bison,Worm,Viper
live in sea,Stingray,Whale,Haddock,Tuna,Fish,Catshark,Guppy,Anglerfish,Shrimp,Octopus,Turtle,Porpoise,Scallop,Shark,Manatee,Mollusk
swim in the water,Prawn,Lark,Wildebeest,Fish,Catshark,Anglerfish,Toad,Wildfowl,Wren,Scallop,Mollusk,Walrus,Stingray,Whale,Guppy,Lungfish,Egret,Crayfish,Manatee,Haddock,Tuna,Octopus,Turtle,Tortoise,Xerinae,Trout,Swordtail,Flea,Goldfish,Shrimp,Porpoise,Shark,Lemming
live in water,Prawn,Fish,Catshark,Anglerfish,Wildfowl,Scallop,Mollusk,Stingray,Whale,Kingfisher,Guppy,Lungfish,Crayfish,Manatee,Haddock,Tuna,Octopus,Turtle,Trout,Swordtail,Goldfish,Shrimp,Porpoise,Whitefish,Shark
live in underground,Wombat,Silverfish,Wolverine,Hamster,Earwig,Toad,Worm,Rabbit,Aardvark,Turtle,Armadillo,Vole,Rodent,Lemming
eat grasses,Wombat,Lark,Urial,Wildebeest,Giraffe,Vicuna,Wallaby,Zebra,Mule,Yak,Donkey,Worm,Tortoise,Mink,Vole,Bison,Manatee,Antelope
live in rainforest,Prawn,Warbler,Lizard,Kingfisher,Flea,Ape,Egret,Turtle,Wren,Sloth,Hummingbird,Wasp,Toucan,Mollusk,Viper
live in desert,Dingo,Vulture,Bandicoot,Beetle,Donkey,Roadrunner,Antelope
prefer to live alone,Flea,Hamster,Louse,Roadrunner,Whippet
