,Aardvark,Anglerfish,Antelope,Ape,Aphid,Armadillo,Bandicoot,Beetle,Bison,Blackbird,Boar,Bobolink,Catshark,Chinchilla,Crayfish,Dingo,Donkey,Earwig,Egret,Finch,Fish,Flea,Gamefowl,Giraffe,Goldfish,Guppy,Haddock,Hamster,Heron,Hoverfly,Hummingbird,Kingfisher,Kiwi,Koala,Ladybug,Lark,Lemming,Lizard,Louse,Lungfish,Manatee,Mink,Mollusk,Mule,Ocelot,Octopus,Peacock,Porpoise,Prawn,Puma,Rabbit,Roadrunner,Rodent,Rooster,Scallop,Shark,Shrimp,Silverfish,Skunk,Sloth,Stingray,Swordtail,Tiger,Tiglon,Toad,Tortoise,Toucan,Trout,Tuna,Turkey,Turtle,Tyrannosaurus,Urial,Vicuna,Viper,Vole,Vulture,Wallaby,Walrus,Warbler,Wasp,Weasel,Whale,Whippet,Whitefish,Wildcat,Wildebeest,Wildfowl,Wolf,Wolverine,Wombat,Woodpecker,Worm,Wren,Xerinae,Yak,Zebra
crawl on the ground,-10.271241,-8.6802435,-9.548806,-9.824835,-8.792583,-9.627955,-8.945483,-10.107568,-9.453121,-8.3529415,-9.801661,-9.221619,-8.466137,-9.958354,-8.969411,-8.897119,-9.607105,-8.838448,-9.565118,-9.793837,-9.158794,-10.000502,-9.009232,-9.128614,-9.03186,-9.363772,-9.656058,-8.549143,-9.559419,-9.379068,-9.059017,-9.516427,-9.717159,-9.265636,-9.0062275,-9.724305,-8.6516285,-9.03724,-8.949836,-8.5719,-9.665566,-8.830506,-9.976213,-9.518419,-9.422473,-9.599253,-9.8030205,-9.386689,-9.740371,-8.86514,-9.376114,-9.373162,-8.659897,-10.131573,-9.075064,-9.339295,-9.613098,-8.670439,-9.381929,-9.528916,-9.1495695,-8.971907,-9.589769,-9.204703,-9.777748,-9.309911,-9.021067,-10.530368,-9.590566,-9.524211,-9.467372,-10.55263,-9.380352,-9.447724,-9.727423,-9.68572,-9.864983,-9.868145,-8.806959,-9.528837,-9.783127,-9.648797,-9.450125,-9.044966,-9.404556,-9.459946,-9.8505535,-9.71119,-9.19735,-9.729212,-9.367912,-9.276862,-9.587979,-9.718461,-9.404903,-8.894859,-10.03585
eat both plants and animals,-10.622148,-8.044354,-8.860794,-9.686639,-8.341696,-9.784728,-9.167586,-10.135864,-9.24462,-8.315687,-9.493113,-8.70919,-8.004445,-10.053909,-8.110309,-8.929576,-9.41996,-8.431424,-9.397492,-9.773981,-8.246868,-9.908083,-8.160275,-8.626386,-8.102898,-9.047145,-9.667516,-8.268921,-9.60682,-8.52688,-8.526517,-9.282717,-10.038831,-8.95623,-8.942597,-9.853077,-8.772717,-8.737005,-8.863166,-7.5945296,-9.681618,-8.867258,-9.643813,-9.669378,-9.12903,-9.300523,-9.673751,-8.866433,-9.259143,-8.397614,-9.596896,-9.475503,-8.675169,-10.167792,-8.835549,-8.816282,-9.358829,-7.810677,-9.362916,-9.121339,-9.045081,-8.641128,-9.655497,-8.9972515,-9.845833,-8.3238535,-9.048491,-9.908657,-9.528276,-9.20484,-9.171416,-9.860396,-9.523165,-9.346324,-9.686698,-9.586381,-9.656649,-10.084005,-8.43786,-9.104112,-9.668306,-9.8420725,-9.439241,-8.432175,-8.787063,-9.186328,-9.874104,-8.990888,-9.178472,-9.699095,-9.314565,-8.845714,-9.536821,-9.743754,-8.813215,-8.822401,-9.996345
eat fruits,-9.71492,-7.3943243,-8.457095,-7.5240207,-6.9338217,-9.180736,-8.18221,-7.8253255,-7.4095235,-6.388268,-7.3815756,-7.3761897,-7.0573273,-8.817371,-7.848323,-7.768947,-7.0477586,-6.3873057,-8.816495,-7.9694295,-6.79783,-7.7561955,-8.1603565,-7.9242234,-7.3824415,-7.669591,-7.8553586,-6.8428006,-7.404021,-8.406599,-7.5183992,-8.696862,-9.184348,-7.588832,-7.8347096,-7.9406576,-7.283619,-6.3384132,-7.1452146,-6.8189764,-8.437098,-7.167284,-7.4303255,-7.1241245,-8.300654,-7.123306,-7.4433727,-8.254462,-9.052829,-7.0534306,-7.1392264,-7.8500714,-6.887199,-7.8923793,-8.012282,-6.661803,-7.0794196,-6.879532,-8.130172,-7.7811527,-7.5476475,-7.0590672,-7.32088,-8.074639,-7.3843107,-8.083,-7.6970563,-8.655177,-7.1383233,-7.68268,-6.8134737,-9.600874,-8.257082,-7.93389,-7.3436756,-7.9318714,-7.4559565,-8.881741,-7.220974,-7.691868,-7.323368,-7.35169,-7.110167,-7.011434,-7.8915563,-7.9988184,-9.370092,-9.081025,-7.1571302,-7.447829,-7.95256,-8.4058075,-7.2182465,-7.8325334,-8.260069,-7.3188543,-7.793472
eat grasses,-10.081133,-7.074243,-8.614503,-7.539027,-6.905629,-9.417142,-8.2355995,-7.8964205,-7.113549,-6.4931917,-7.273453,-7.354579,-6.8756585,-9.22135,-7.7372036,-7.613707,-7.0177903,-6.3405623,-8.806374,-7.8670855,-6.427245,-7.650148,-8.03276,-8.076919,-7.1195145,-7.5415096,-7.7163377,-6.5851426,-7.3188505,-8.083077,-7.828052,-8.790744,-9.19636,-7.707106,-7.824385,-7.9613028,-7.264818,-6.312261,-7.25227,-6.418787,-8.576691,-6.874038,-7.347644,-7.171051,-8.511068,-7.051237,-7.4298754,-8.15441,-8.782468,-6.9808416,-7.159858,-8.122332,-6.950673,-7.8651447,-7.9308095,-6.4294586,-6.836498,-6.704623,-8.063292,-7.634897,-7.7115808,-6.926103,-7.4259844,-8.035897,-7.4570107,-7.8344116,-7.9132795,-8.334435,-7.1842213,-7.5483193,-6.6782246,-10.049997,-8.307267,-8.065769,-7.508718,-7.9158607,-7.3275766,-8.978252,-7.3006754,-7.6392655,-7.341579,-7.3791947,-6.9492974,-6.9000144,-7.602778,-8.076824,-9.564046,-8.985111,-7.2643156,-7.5348444,-7.8490343,-8.672301,-7.175682,-7.854208,-8.145793,-7.180275,-7.68705
eat leaves,-9.893252,-7.3937993,-8.559346,-6.8739324,-6.7487526,-9.482327,-8.15598,-7.211803,-7.009374,-6.2111845,-6.9211893,-6.595621,-6.727081,-9.244853,-8.070297,-7.619663,-6.5711255,-5.87144,-8.479343,-7.375447,-6.3383265,-6.9935975,-8.414382,-8.20172,-7.251899,-6.9102798,-7.132326,-6.342706,-6.75626,-8.846012,-8.157538,-8.888086,-9.06519,-7.9924307,-7.5276737,-7.535123,-6.5210514,-5.7213583,-6.40549,-6.562891,-8.052952,-6.326485,-6.9348245,-6.83578,-7.9635787,-6.566227,-7.164294,-8.126411,-9.39763,-6.469012,-6.46463,-8.045868,-6.964138,-7.3497086,-8.094885,-6.300391,-6.2188673,-6.802382,-7.6160674,-7.4820457,-7.626614,-6.301298,-6.823893,-7.55891,-6.805439,-8.319987,-7.561431,-8.3017235,-6.462715,-7.5303245,-6.218953,-10.152534,-8.460158,-7.7552238,-6.9711556,-7.3209248,-6.969845,-9.187933,-7.2572846,-7.9969153,-6.9909573,-6.8593316,-6.443733,-6.225953,-7.511696,-8.302676,-9.68079,-9.479919,-6.7330203,-7.2461243,-7.7173147,-8.885579,-6.4294205,-7.44632,-7.797952,-6.8972216,-7.3560967
eat meats,-10.207529,-7.5120378,-8.704108,-8.29151,-7.972178,-9.8082695,-8.625942,-8.629105,-7.9836707,-7.215283,-8.031553,-7.6397305,-7.1909337,-9.557584,-8.257613,-8.249362,-7.766235,-7.160668,-9.052956,-8.563538,-7.445909,-8.466739,-8.487164,-8.459288,-7.8563137,-8.103035,-8.032158,-7.2246227,-8.025723,-8.656184,-8.8279915,-9.269731,-9.522614,-8.142329,-8.246672,-8.439416,-7.5076437,-7.2819967,-7.3489275,-7.3720636,-9.154429,-7.4268622,-8.434425,-7.9636087,-9.033647,-7.9881144,-8.379339,-8.453108,-9.226923,-7.7205634,-7.9033303,-8.578391,-7.1963406,-8.638701,-8.420969,-7.488848,-7.9558864,-7.4283285,-8.31293,-8.079562,-8.432781,-7.5065126,-8.138943,-8.199509,-8.258036,-8.494644,-8.207758,-9.217309,-7.8298607,-8.315088,-7.7611866,-10.115772,-8.735521,-8.431886,-8.220209,-8.120668,-8.313804,-9.3955345,-7.547663,-8.466252,-8.519036,-8.160782,-7.9790077,-7.480273,-8.284011,-8.787651,-9.955985,-9.35814,-7.7593284,-8.363431,-8.596005,-9.109986,-8.003262,-8.376179,-8.444371,-7.5666065,-8.480413
eat plants,-9.804176,-7.379845,-8.586733,-7.9274745,-6.694892,-9.566737,-8.123435,-8.326958,-7.6082554,-6.62159,-7.826005,-7.561983,-7.0316734,-9.360457,-7.670232,-7.9207315,-7.6657057,-6.69294,-8.557106,-7.7454834,-6.383872,-8.045895,-8.043887,-8.079801,-7.0285482,-7.9285865,-8.298088,-6.8071165,-7.7924275,-8.321085,-7.2652273,-8.452038,-8.921709,-8.348186,-7.764229,-8.164767,-7.4899197,-6.6334352,-7.419401,-6.546917,-8.193517,-7.376261,-7.7641897,-7.8510733,-7.9353833,-7.3556595,-7.819552,-8.016259,-8.944309,-7.1347537,-7.595385,-8.197986,-7.2212887,-8.404014,-8.025607,-7.099494,-7.3567405,-6.824195,-8.182597,-7.71683,-7.6927714,-7.2235074,-7.760769,-8.237256,-7.9264083,-7.8990183,-8.149212,-8.249704,-7.598344,-7.774573,-7.1350617,-9.753359,-8.688875,-8.332161,-7.7161436,-8.215533,-7.9235625,-9.21567,-7.5026503,-7.8783507,-7.614117,-7.95854,-7.482409,-7.0038753,-7.5931163,-8.358733,-9.11588,-8.825872,-7.4938154,-7.998535,-8.016828,-8.315255,-7.497533,-8.049596,-8.1133995,-7.510013,-8.249232
fly in the sky,-10.006465,-8.807062,-9.471386,-10.386224,-9.183914,-10.007306,-9.229722,-10.673484,-10.04503,-7.609136,-10.304986,-9.679456,-9.032689,-10.726587,-9.111296,-9.455339,-10.273964,-9.44392,-8.726058,-9.76717,-9.640267,-10.462335,-9.013732,-9.467111,-9.12846,-10.009858,-10.379469,-9.345343,-9.882137,-8.750237,-8.035291,-8.423299,-10.367578,-9.853848,-9.114757,-9.66854,-9.019932,-9.683593,-9.686103,-8.720815,-10.047566,-9.685896,-10.588135,-10.254285,-9.720207,-10.143999,-10.219817,-9.384706,-10.008769,-9.39836,-9.792017,-9.572293,-9.333986,-10.617378,-9.977695,-10.056004,-10.143079,-8.637095,-9.540391,-10.000597,-9.78662,-9.099756,-10.061344,-9.531109,-10.214545,-9.459691,-9.504107,-11.00377,-10.142197,-10.144801,-10.04498,-10.271658,-10.408901,-9.97651,-10.042986,-10.008788,-10.343527,-10.477863,-9.205597,-9.463877,-10.243686,-10.455602,-10.026393,-9.312463,-9.443041,-9.750928,-9.393866,-9.23557,-9.442029,-10.353445,-10.151846,-9.66975,-9.941158,-9.791485,-9.378841,-9.547476,-10.701827
hunt insects,-9.896325,-6.777022,-8.288958,-7.6827216,-6.4859605,-9.114204,-8.166772,-8.009998,-7.178483,-6.318628,-7.5810237,-7.344483,-6.8677425,-9.182672,-7.158129,-7.503675,-7.5729165,-6.8083763,-8.51104,-7.8421836,-6.3160725,-7.8777604,-7.0643125,-8.2074175,-6.620281,-7.68739,-8.307859,-6.9790196,-7.554627,-7.54213,-6.9979873,-8.430276,-9.088558,-7.9934454,-7.7434564,-8.113427,-7.229849,-6.395474,-7.6113844,-6.0237136,-8.377018,-7.2903576,-7.4252906,-7.6653333,-7.9105105,-7.204916,-7.4811883,-8.040635,-8.745749,-7.328208,-7.4620967,-8.011341,-7.409759,-8.121611,-8.133991,-6.77313,-7.113803,-6.139753,-7.939903,-7.974562,-7.34026,-7.0859933,-7.7006826,-8.092604,-7.756238,-7.4688053,-7.8034225,-8.219005,-7.506205,-7.5988255,-6.8401594,-9.621987,-8.355542,-8.06307,-7.4993734,-8.126732,-7.5065303,-8.877733,-7.144098,-7.1731853,-6.9599857,-7.682734,-7.0498986,-7.149721,-7.0871973,-7.6891475,-9.31821,-8.224809,-7.661505,-7.7937775,-7.923289,-8.2148695,-7.520818,-8.031108,-7.928346,-7.4547195,-8.023937
hunt other animals,-10.491223,-6.831476,-8.316547,-8.618552,-7.8644414,-9.37616,-8.459128,-9.209668,-7.656348,-7.2892456,-8.409981,-7.722643,-7.0983152,-9.987574,-7.5270457,-7.8534827,-8.390603,-7.599956,-8.906465,-8.8253145,-6.7761407,-8.974914,-7.0264697,-8.377129,-6.995863,-8.113114,-8.905409,-7.4343877,-8.481434,-7.717379,-8.317394,-8.75089,-9.3020525,-8.374795,-8.396996,-8.952708,-7.976025,-7.4657946,-8.325783,-6.612459,-8.618191,-7.807576,-8.672994,-8.544386,-8.76027,-8.3087225,-8.681823,-8.260736,-8.671783,-7.7101054,-8.406206,-8.830239,-7.9345994,-9.082992,-8.500603,-7.6437955,-8.245813,-6.643526,-8.721971,-8.7442465,-8.160649,-7.6830673,-8.620923,-8.327487,-8.829038,-7.8350143,-7.998959,-8.437382,-8.454365,-8.207522,-7.8499017,-10.180883,-8.891331,-8.79175,-8.716342,-8.873172,-8.6196995,-9.460958,-7.564686,-7.7567887,-8.594049,-8.78769,-8.106237,-7.7791,-7.3351545,-7.7079954,-9.842171,-8.007622,-8.022033,-8.688715,-8.403803,-8.497865,-8.584656,-8.825154,-8.416917,-7.8045387,-9.097308
is active at dawn and dusk,-11.07345,-9.088413,-9.841636,-10.559945,-8.967638,-10.541232,-10.061513,-10.819608,-10.388205,-8.71602,-10.507665,-9.9369545,-8.95819,-10.572279,-9.479785,-9.84085,-10.625888,-9.530358,-9.872633,-10.730457,-9.919265,-10.751163,-9.039882,-10.3068695,-9.378092,-10.200817,-10.464568,-9.494479,-10.25032,-9.124135,-8.846019,-9.756022,-10.809861,-10.341212,-9.959674,-10.6677885,-9.843472,-9.845012,-10.072616,-8.777042,-10.749662,-9.817939,-10.463678,-10.723165,-9.892203,-10.359196,-10.258405,-10.040456,-10.171314,-9.942204,-10.500188,-10.188249,-9.9017725,-10.736737,-9.608813,-10.050224,-10.27589,-8.72111,-10.506277,-9.941114,-9.825049,-9.734274,-10.521062,-10.079893,-10.616267,-9.510025,-9.664951,-11.233594,-10.530282,-10.273172,-10.037541,-10.892998,-10.651071,-10.156406,-10.414059,-10.359178,-10.447416,-10.514143,-9.499373,-9.268367,-9.724737,-10.470742,-10.224738,-9.766663,-9.786564,-9.645478,-10.582521,-9.895388,-10.270561,-10.5921135,-10.406248,-9.822869,-10.467271,-10.664755,-9.705739,-10.207872,-10.780805
is active during the day,-10.714529,-8.99549,-9.869165,-9.963699,-9.147035,-10.375473,-9.7009,-10.113245,-9.675346,-8.666314,-9.794913,-9.38693,-8.892212,-10.571545,-9.253445,-9.709008,-9.871242,-9.2841835,-9.632023,-10.164342,-9.356162,-10.029927,-9.249909,-9.967223,-9.011638,-9.779702,-9.964873,-9.33996,-9.632759,-9.396084,-9.122529,-9.608216,-10.491664,-9.723099,-9.784954,-10.203947,-9.381398,-9.292092,-9.517475,-8.934541,-10.045028,-9.373826,-9.819719,-9.984711,-9.976812,-9.690366,-9.67367,-9.841514,-10.183185,-9.420445,-9.835274,-9.780394,-9.730464,-10.094763,-9.577512,-9.664803,-9.669546,-8.684407,-10.0521555,-9.518241,-9.37765,-9.456066,-9.797755,-9.635876,-9.999485,-9.363078,-9.568082,-10.614517,-9.882133,-9.77085,-9.544033,-10.938357,-10.171075,-9.759631,-9.78687,-9.832311,-9.821244,-10.245201,-9.454422,-9.560561,-9.419616,-9.860791,-9.700417,-9.576767,-9.35727,-9.510401,-10.358756,-9.5666685,-9.689732,-9.9298935,-10.23182,-9.903018,-9.792114,-9.995664,-9.401615,-9.611409,-10.174546
is active during the night,-11.062882,-10.280664,-10.817521,-11.475025,-10.04907,-11.174154,-10.678312,-11.632183,-11.250803,-9.906325,-11.319292,-11.166536,-10.047908,-11.183009,-10.300451,-10.990136,-11.417625,-10.527963,-10.615862,-11.609657,-10.777309,-11.643268,-9.882802,-11.138096,-10.226746,-11.462347,-11.378388,-10.559244,-11.233503,-10.175623,-9.667755,-10.1454315,-11.430167,-10.954843,-10.92715,-11.496852,-10.888131,-10.827823,-10.946784,-10.048077,-11.501454,-10.934309,-11.271527,-11.478111,-10.651102,-11.100347,-11.026509,-10.844644,-10.821359,-11.001527,-11.36596,-10.793686,-10.70476,-11.589676,-10.195971,-10.912187,-11.246601,-9.801421,-11.313188,-10.805783,-10.566537,-10.981515,-11.27112,-10.914638,-11.407445,-10.335476,-10.675661,-11.857539,-11.487777,-10.809879,-11.120657,-11.3547945,-11.302188,-11.015974,-11.079887,-11.30874,-11.272084,-10.981768,-10.546747,-10.472325,-10.544974,-11.347346,-11.212487,-11.000236,-10.611616,-10.490344,-10.751198,-10.119224,-10.908579,-11.361983,-11.354443,-10.258289,-11.385524,-11.473075,-10.867927,-11.01505,-11.512173
lays eggs,-11.67749,-10.0004635,-11.089453,-10.552083,-9.231987,-11.464112,-10.717131,-10.51008,-10.423473,-9.461253,-10.241071,-10.676377,-10.159813,-11.038733,-10.253607,-10.375909,-10.478012,-9.653336,-10.948777,-10.696472,-10.050989,-10.616836,-9.8780775,-11.008795,-9.834142,-10.738711,-10.754507,-9.92158,-10.360028,-10.178233,-9.040728,-10.503012,-11.23235,-10.442547,-10.436531,-11.013423,-10.416924,-9.783237,-10.455617,-9.623166,-11.420288,-10.33386,-10.100381,-10.47909,-10.259899,-10.107796,-10.008277,-10.578544,-10.830771,-10.607716,-10.462609,-10.467316,-10.12195,-10.635398,-9.888072,-9.889665,-10.177644,-9.464716,-10.983546,-10.411395,-9.904602,-10.350328,-10.635668,-11.174145,-10.414798,-10.147411,-10.729556,-11.18178,-10.524406,-10.280724,-9.992452,-11.740378,-11.115641,-10.893605,-10.093172,-10.811779,-10.227602,-10.558138,-9.945203,-9.557275,-8.98547,-10.190797,-10.047272,-10.20497,-10.333038,-10.385299,-11.063252,-10.673696,-10.408755,-10.480125,-10.556672,-10.524653,-10.346229,-10.925677,-10.922385,-10.596514,-10.439646
live in desert,-9.846489,-8.240558,-9.212688,-8.306571,-7.986072,-9.73383,-8.29559,-8.665738,-7.8535132,-6.8253994,-8.297244,-8.268611,-7.5485463,-9.413526,-8.088257,-8.139979,-8.2179165,-8.01785,-8.810163,-8.226717,-7.37364,-8.436404,-8.971279,-8.908208,-7.431826,-8.806412,-8.555395,-8.088715,-8.0534115,-9.070228,-8.0959635,-8.2499075,-9.003296,-8.924656,-8.60723,-8.474905,-8.120702,-7.380612,-8.485191,-7.727304,-8.101894,-7.871309,-8.270723,-8.354453,-8.781553,-7.8494816,-8.193571,-8.800078,-9.605579,-7.986303,-8.060384,-8.243532,-7.681004,-8.709268,-8.91296,-7.90276,-7.9779696,-7.5207305,-8.908069,-8.221727,-7.952192,-8.20948,-8.029614,-8.201052,-8.43806,-8.500466,-8.411809,-8.586108,-8.013451,-7.4576507,-7.69329,-10.248006,-9.137269,-8.470391,-8.007709,-8.440053,-8.280064,-8.683543,-8.045065,-8.442392,-8.337251,-8.443248,-7.958053,-8.256089,-7.522049,-8.301893,-8.816891,-9.104261,-7.7909284,-8.561497,-8.344372,-9.188315,-8.066662,-8.315139,-8.655103,-7.5314264,-8.633092
live in rainforest,-10.186102,-9.021164,-9.317979,-9.212742,-8.311982,-9.966574,-8.476452,-9.651903,-8.8472185,-7.6491094,-9.350246,-9.062475,-8.262568,-9.731307,-8.482589,-8.382159,-9.354273,-8.701404,-9.228405,-9.210643,-8.293562,-9.480105,-8.949599,-9.106731,-8.039865,-9.488628,-9.382884,-8.6195545,-9.084449,-9.306353,-8.120544,-8.638038,-8.862085,-9.393739,-9.034914,-9.497465,-9.074851,-8.408221,-9.164328,-8.19099,-8.580065,-8.81277,-9.171617,-9.4271345,-8.683928,-8.836647,-9.000652,-9.086733,-9.527989,-8.660193,-9.190912,-8.928221,-8.396468,-9.820043,-8.830024,-8.856334,-9.112361,-8.0426,-9.48479,-8.980596,-8.302422,-8.997941,-9.182312,-9.194806,-9.434868,-8.835391,-8.577789,-9.34202,-9.131766,-8.433092,-8.736124,-10.25581,-9.702276,-9.066193,-8.948197,-9.326977,-9.277751,-9.154319,-8.619082,-8.711428,-9.013901,-9.400227,-9.002691,-8.771531,-8.235551,-8.45758,-8.984544,-9.188989,-8.847684,-9.433943,-8.913945,-8.798957,-9.19366,-9.155436,-9.091977,-8.507028,-9.5535755
live in sea,-9.846601,-7.480604,-9.703351,-7.0553665,-7.818619,-10.136067,-8.131758,-7.392366,-7.142006,-6.5982003,-7.1578307,-5.9353414,-7.1468453,-9.829865,-8.260872,-7.8900642,-6.965545,-7.0965114,-8.057987,-6.968975,-6.0594525,-6.70914,-9.636979,-9.268136,-6.9785485,-7.221713,-7.4614277,-7.561644,-6.398442,-9.5678625,-9.391023,-8.128288,-9.047493,-9.27055,-7.96509,-7.043208,-6.5948753,-6.320654,-7.0949936,-6.9568024,-6.735052,-6.5868073,-6.857341,-7.422592,-8.600697,-6.424285,-7.282236,-8.338316,-9.988855,-6.4972744,-6.5956764,-7.752176,-7.889076,-7.3321905,-9.412867,-6.981452,-6.363726,-7.1112394,-8.046551,-7.4825335,-7.3629017,-6.8380704,-6.7707057,-7.197115,-7.397152,-9.165068,-7.570199,-7.7195387,-6.0357985,-7.889565,-6.5205245,-11.115409,-8.824328,-7.449944,-7.180112,-7.113973,-6.9145,-9.527448,-7.952588,-8.776005,-7.6795115,-7.142448,-6.3158236,-6.8690615,-6.505071,-9.105854,-9.349389,-10.096856,-7.280379,-7.7189736,-7.8273854,-10.305747,-6.4215803,-7.0527883,-7.6303616,-6.794742,-7.4349985
live in trees,-9.88,-7.889943,-9.334334,-8.487525,-6.987096,-10.070635,-8.281793,-8.757353,-8.161863,-6.922257,-8.429741,-8.1439705,-7.3450193,-9.7332325,-7.7157173,-8.260046,-8.460305,-7.6567245,-8.636699,-8.269018,-6.89769,-8.481882,-8.521513,-9.105942,-7.219041,-8.53267,-8.605795,-7.6209817,-8.091226,-8.450516,-7.837009,-8.166399,-9.054508,-9.410718,-8.223839,-8.542699,-8.164365,-7.492623,-8.321881,-7.1890225,-7.853287,-7.737017,-8.288104,-8.637284,-8.009592,-8.023615,-8.152008,-8.578258,-8.972345,-7.8249874,-8.192064,-8.451414,-7.8590045,-8.886076,-8.376643,-8.088029,-7.9388146,-7.230262,-8.675876,-8.192633,-8.065944,-8.040064,-8.33877,-8.253658,-8.60448,-8.3792715,-8.1310625,-8.23923,-8.131625,-8.074652,-7.727711,-10.498109,-9.296675,-8.479064,-8.24313,-8.632568,-8.396701,-9.435997,-8.150377,-7.982899,-7.8870115,-8.514291,-8.0103245,-8.001318,-7.351529,-8.409043,-8.798116,-8.760357,-8.223151,-8.7337,-8.315802,-8.339232,-8.113519,-8.421209,-8.5769615,-7.858382,-8.763616
live in underground,-10.112084,-8.281787,-9.886943,-7.263266,-8.107019,-10.054321,-8.539314,-7.6264915,-7.391728,-7.2156496,-7.52291,-6.9214168,-7.69194,-10.0580435,-9.292807,-8.386689,-7.190359,-7.517088,-8.660486,-7.7336974,-7.551536,-7.1633663,-9.975437,-9.50047,-8.277102,-7.719595,-7.619177,-8.254293,-7.01993,-9.86241,-9.742822,-9.287679,-9.742266,-9.178786,-8.476288,-7.859092,-7.190101,-6.971607,-7.647892,-7.9836826,-8.055957,-7.2162747,-7.450834,-7.4105196,-9.010937,-6.8877177,-7.428616,-8.98733,-10.587691,-7.363177,-6.9603076,-7.4325523,-8.164945,-7.591605,-9.694114,-7.400171,-7.249519,-8.053221,-8.39799,-7.5858517,-7.869063,-7.3698325,-7.1678653,-8.03833,-7.3834705,-9.454256,-8.321044,-8.9060755,-7.033695,-8.54492,-7.146943,-10.978853,-8.496026,-8.000171,-7.578396,-7.3184423,-7.3153877,-9.727311,-8.109503,-9.137641,-7.9159985,-7.2340097,-7.2434855,-7.4070306,-8.070593,-9.235074,-9.825674,-10.69519,-8.037805,-7.494573,-8.283388,-10.355367,-6.994844,-7.6104317,-8.286412,-7.8716273,-7.56399
live in water,-10.057855,-8.08956,-9.790598,-8.512734,-7.52137,-10.268877,-8.45148,-8.694842,-8.207181,-7.4917803,-8.31766,-8.021748,-7.682851,-9.9192705,-7.6623297,-8.370115,-8.393487,-7.806588,-9.100462,-8.336379,-6.4322143,-8.413248,-9.10313,-9.453857,-6.8253784,-8.570167,-8.576174,-7.9583197,-8.083491,-8.920505,-8.74246,-8.3853035,-8.926067,-9.541279,-8.436482,-8.442662,-8.08896,-7.5043073,-8.228056,-7.0224547,-7.5524354,-7.84283,-8.137324,-8.6468115,-8.475742,-7.889234,-8.321186,-8.448329,-8.928607,-7.921393,-8.112934,-8.563726,-8.099647,-8.845547,-8.807144,-7.6098166,-7.8243203,-6.9984674,-8.770723,-8.2848215,-7.7102637,-8.20008,-8.21766,-8.425613,-8.5770445,-8.702202,-8.414707,-7.9279695,-7.848522,-8.065265,-7.678819,-10.894236,-9.401717,-8.430228,-8.249197,-8.4987545,-8.317945,-9.553497,-8.455035,-8.665441,-8.10558,-8.432167,-7.857128,-8.129532,-6.747595,-9.059278,-9.026065,-9.421565,-8.241172,-8.709441,-8.43566,-9.245008,-8.028381,-8.401183,-8.806535,-7.680565,-8.653502
live on land,-10.0211,-7.7863145,-9.325079,-7.843791,-7.4301653,-10.159212,-8.178095,-8.1538515,-7.5305,-7.02909,-7.6086173,-7.73567,-7.57817,-9.7620535,-8.033194,-7.5402827,-7.719494,-7.4502172,-8.756013,-7.994019,-6.5091457,-7.8340816,-8.782815,-8.824539,-6.903698,-7.985357,-8.078346,-7.637447,-7.4227886,-8.827964,-8.772834,-8.263507,-8.651357,-8.967259,-8.076538,-7.918093,-7.7037897,-6.9684997,-7.812289,-7.4832516,-7.0310187,-7.226681,-7.55887,-7.9516726,-8.335764,-7.385997,-7.709961,-8.265303,-9.21775,-7.2921205,-7.6134706,-8.19935,-7.6047354,-8.272315,-8.316832,-7.6118035,-7.289279,-7.337644,-8.58384,-8.176053,-7.585962,-7.7385263,-7.726163,-7.8952723,-8.016866,-8.280067,-7.862242,-7.5614843,-7.4147005,-7.594024,-7.1052775,-11.027872,-8.896462,-8.459199,-7.6883426,-7.9623237,-7.7230334,-9.108301,-7.801457,-8.051984,-7.6965675,-7.87854,-7.3863025,-7.661154,-6.857,-8.157084,-8.788354,-8.846344,-7.6034136,-8.090288,-7.690558,-8.7957945,-7.543763,-7.858733,-8.186152,-7.1935334,-8.034888
prefer to live alone,-10.288594,-8.262098,-9.7469,-8.6482935,-8.575186,-10.090354,-8.776731,-8.942897,-8.56625,-7.9516854,-8.761167,-8.076456,-8.039445,-9.7577715,-9.0648775,-8.7620325,-8.481134,-8.298998,-8.916645,-8.825182,-8.331456,-8.732601,-9.0092125,-9.227754,-8.76673,-8.401223,-8.409224,-8.123369,-8.278269,-9.094932,-9.332862,-9.319882,-9.812942,-9.218986,-8.756904,-8.864853,-8.1015,-8.045172,-8.132496,-8.317692,-8.981546,-8.0511875,-8.723053,-8.687341,-9.224538,-8.574157,-8.724369,-8.874221,-10.204563,-8.090528,-8.453244,-8.752912,-8.351831,-9.037229,-9.315246,-8.532014,-8.436157,-8.389204,-9.144448,-8.419989,-8.6881895,-8.2430525,-8.564975,-8.340907,-8.910457,-9.192802,-8.246464,-9.634649,-8.387358,-8.763783,-8.368832,-10.653673,-9.226377,-8.734488,-8.590396,-8.380445,-8.664157,-9.601499,-8.506284,-9.138317,-8.788637,-8.696867,-8.415569,-8.279443,-8.710723,-9.377274,-10.02592,-9.677598,-8.645558,-8.852731,-9.302077,-9.827196,-8.456182,-8.54568,-8.806081,-8.248547,-8.805279
prefer to live in groups,-11.411177,-9.258077,-10.352841,-10.13256,-8.7385845,-11.313198,-9.692316,-10.241777,-10.080806,-9.009816,-10.227277,-9.615909,-9.01323,-10.752967,-9.697541,-9.6454525,-10.074136,-9.200355,-9.944007,-10.266611,-9.36325,-10.16303,-9.533199,-10.409822,-9.343799,-9.885137,-9.899924,-9.386061,-9.928847,-9.37685,-9.699617,-10.157701,-10.41661,-10.473376,-9.615902,-10.332299,-9.894278,-9.468559,-9.697858,-8.974477,-9.925097,-9.366249,-9.986188,-10.339168,-9.306773,-9.978853,-9.900581,-9.79606,-10.336065,-9.545555,-10.0170355,-10.216732,-9.512539,-10.511934,-9.458046,-9.967434,-9.876199,-9.069438,-10.524113,-9.656369,-9.685418,-9.787483,-10.159462,-9.725782,-10.383296,-10.040743,-9.256377,-10.518823,-9.96152,-10.126494,-9.638421,-11.603696,-10.610045,-10.197812,-10.017456,-9.740386,-10.092355,-10.672615,-9.7094345,-9.469576,-9.488827,-10.163238,-9.940343,-9.604527,-9.464026,-10.030283,-10.638948,-10.242175,-10.161789,-10.517994,-10.138914,-10.242441,-9.934351,-10.166891,-9.710895,-9.618893,-10.349978
swim in the water,-10.105233,-8.311255,-10.152252,-9.894104,-9.434366,-10.063997,-8.976647,-10.141607,-9.482223,-8.28855,-9.651292,-8.896652,-8.47491,-10.275958,-8.282225,-9.131068,-9.598714,-9.104316,-9.440501,-9.560645,-8.2854595,-9.898261,-9.354311,-9.475186,-8.059915,-9.395562,-9.8090315,-8.811145,-9.447322,-9.587964,-9.269731,-8.689328,-9.673774,-9.616281,-9.133415,-9.457608,-8.748682,-9.005031,-9.287917,-8.02534,-8.784357,-9.031395,-9.884922,-9.662795,-9.946616,-9.406457,-9.872537,-8.98362,-9.115438,-8.953184,-9.254193,-9.4309635,-9.092141,-10.090894,-9.7129135,-8.8468685,-9.481237,-7.819702,-9.3177185,-9.61236,-8.812772,-9.01441,-9.45407,-9.182917,-9.698631,-9.644074,-9.141756,-9.543673,-9.277283,-9.26406,-9.351483,-10.606175,-9.984477,-9.441867,-9.575588,-9.654093,-9.873256,-10.01483,-9.291861,-9.656714,-10.01245,-9.760376,-9.310494,-8.970156,-8.267043,-9.555408,-9.572093,-9.44242,-8.958971,-9.739556,-9.556324,-9.802244,-9.390777,-9.380988,-9.191994,-8.806525,-10.122929
walk on the ground,-10.43288,-8.2573595,-9.257819,-9.413473,-8.783235,-9.504769,-8.998267,-9.575729,-9.217708,-7.9586034,-9.173315,-8.715404,-8.078544,-10.015812,-8.797305,-8.899548,-9.095271,-8.660969,-9.002633,-9.427451,-8.706656,-9.436351,-9.024099,-9.051651,-8.610544,-8.769863,-8.844905,-8.310464,-9.086032,-9.042357,-9.222619,-9.210305,-9.797667,-9.184298,-8.89599,-9.260947,-8.244387,-8.610392,-8.570574,-8.362131,-9.438175,-8.555982,-9.454626,-8.952161,-9.560407,-9.211245,-9.484678,-9.226125,-9.767316,-8.223946,-8.99033,-9.097572,-8.442736,-9.593673,-9.169529,-8.999637,-9.1083145,-8.267595,-9.201542,-9.156752,-8.976848,-8.320094,-9.084718,-8.777398,-9.230407,-9.057476,-8.615357,-10.410636,-9.102969,-9.255887,-8.965095,-10.543785,-9.310274,-9.097148,-9.357797,-9.165743,-9.3256445,-9.832807,-8.660677,-9.529018,-9.474481,-9.284729,-9.083598,-8.546134,-9.0677595,-9.270919,-9.830171,-9.683391,-8.879025,-9.300453,-9.257948,-9.463988,-9.066645,-9.356814,-8.626512,-8.671713,-9.618761
