0.838170,0.838170,0.838170,0.990394,0.838170,0.838170,0.838170,1.000000,0.894768,0.838170,0.852072,0.838170,0.838170,0.838170,0.838170,0.838170,0.962696,0.838170,0.838170,0.958781,0.886611,0.981395,0.838170,0.838170,0.838170,0.838170,0.838170,0.838170,0.920993,0.838170,0.838170,0.838170,0.838170,0.838170,0.838170,0.938452,0.838170,1.000000,0.838170,0.838170,0.838170,0.838170,0.821930,0.939972,0.838170,0.904291,0.782648,0.838170,0.838170,0.838170,0.900994,0.838170,0.838170,0.792705,0.838170,0.866419,0.936844,0.838170,0.838170,0.838170,0.838170,0.838170,0.787772,0.838170,1.000000,0.838170,0.838170,0.626175,0.622082,0.936825,0.959421,0.838170,0.838170,0.838170,0.857445,0.838170,0.768788,0.838170,0.838170,0.838170,0.796444,1.000000,0.768188,0.838170,0.838170,0.838170,0.838170,0.838170,0.729744,0.844565,0.838170,0.838170,1.000000,1.000000,0.838170,0.838170,1.000000
0.978339,0.978339,0.978339,0.945255,0.978339,0.978339,0.978339,0.982779,0.923010,0.978339,0.931938,0.978339,0.978339,0.978339,0.978339,0.978339,0.641830,0.978339,0.978339,0.790781,0.866142,0.995208,0.978339,0.978339,0.978339,0.978339,0.978339,0.978339,0.495028,0.978339,0.978339,0.978339,0.978339,0.978339,0.978339,0.935710,0.978339,0.997364,0.978339,0.978339,0.978339,0.978339,0.930677,0.466017,0.978339,0.896016,0.860579,0.978339,0.978339,0.978339,0.876202,0.978339,0.978339,0.464550,0.978339,0.811149,0.970456,0.978339,0.978339,0.978339,0.978339,0.978339,0.761086,0.978339,0.956068,0.978339,0.978339,0.870792,0.786667,0.936552,0.543907,0.978339,0.978339,0.978339,0.942599,0.978339,0.880319,0.978339,0.978339,0.978339,0.926175,0.936012,0.338737,0.978339,0.978339,0.978339,0.978339,0.978339,0.763561,0.809317,0.978339,0.978339,0.983840,0.867223,0.978339,0.978339,0.990212
0.856022,0.856022,0.856022,1.000000,0.856022,0.856022,0.856022,0.823166,0.939733,0.856022,0.942364,0.856022,0.856022,0.856022,0.856022,0.856022,0.873955,0.856022,0.856022,0.670077,0.942579,0.952949,0.856022,0.856022,0.856022,0.856022,0.856022,0.856022,0.535031,0.856022,0.856022,0.856022,0.856022,0.856022,0.856022,0.680436,0.856022,0.922375,0.856022,0.856022,0.856022,0.856022,0.912937,0.774727,0.856022,0.898090,0.856890,0.856022,0.856022,0.856022,0.933520,0.856022,0.856022,0.745497,0.856022,0.872666,0.970505,0.856022,0.856022,0.856022,0.856022,0.856022,0.764638,0.856022,0.866441,0.856022,0.856022,0.888454,0.933520,0.966918,0.826393,0.856022,0.856022,0.856022,0.751581,0.856022,0.875839,0.856022,0.856022,0.856022,0.829848,0.925173,0.720290,0.856022,0.856022,0.856022,0.856022,0.856022,0.911344,0.812293,0.856022,0.856022,0.955523,0.736708,0.856022,0.856022,0.973956
0.865889,0.865889,0.865889,0.971647,0.865889,0.865889,0.865889,0.765913,0.938000,0.865889,0.910438,0.865889,0.865889,0.865889,0.865889,0.865889,0.794455,0.865889,0.865889,0.721595,0.971665,0.954613,0.865889,0.865889,0.865889,0.865889,0.865889,0.865889,0.493966,0.865889,0.865889,0.865889,0.865889,0.865889,0.865889,0.619925,0.865889,0.925400,0.865889,0.865889,0.865889,0.865889,0.923980,0.660638,0.865889,0.909652,0.814999,0.865889,0.865889,0.865889,0.932218,0.865889,0.865889,0.653022,0.865889,0.910946,0.986821,0.865889,0.865889,0.865889,0.865889,0.865889,0.704269,0.865889,0.818496,0.865889,0.865889,0.932361,0.944524,0.970198,0.826830,0.865889,0.865889,0.865889,0.540675,0.865889,0.841179,0.865889,0.865889,0.865889,0.792235,0.928940,0.741114,0.865889,0.865889,0.865889,0.865889,0.865889,0.907381,0.674107,0.865889,0.865889,0.978212,0.575812,0.865889,0.865889,0.972587
0.842830,0.842830,0.842830,0.979875,0.842830,0.842830,0.842830,0.773667,0.934467,0.842830,0.932101,0.842830,0.842830,0.842830,0.842830,0.842830,0.831724,0.842830,0.842830,0.679442,0.941496,0.951024,0.842830,0.842830,0.842830,0.842830,0.842830,0.842830,0.596824,0.842830,0.842830,0.842830,0.842830,0.842830,0.842830,0.742480,0.842830,0.916498,0.842830,0.842830,0.842830,0.842830,0.912729,0.724431,0.842830,0.910049,0.863086,0.842830,0.842830,0.842830,0.906290,0.842830,0.842830,0.735437,0.842830,0.891781,0.977971,0.842830,0.842830,0.842830,0.842830,0.842830,0.746155,0.842830,0.883698,0.842830,0.842830,0.873094,0.923111,0.955109,0.842177,0.842830,0.842830,0.842830,0.808722,0.842830,0.858233,0.842830,0.842830,0.842830,0.859815,0.911723,0.755619,0.842830,0.842830,0.842830,0.842830,0.842830,0.898752,0.783587,0.842830,0.842830,0.954624,0.698897,0.842830,0.842830,0.974731
1.000000,1.000000,1.000000,0.972695,1.000000,1.000000,1.000000,0.368263,0.998044,1.000000,1.000000,1.000000,1.000000,1.000000,1.000000,1.000000,0.946756,1.000000,1.000000,0.744192,0.783893,0.932878,1.000000,1.000000,1.000000,1.000000,1.000000,1.000000,0.762612,1.000000,1.000000,1.000000,1.000000,1.000000,1.000000,0.877302,1.000000,0.772467,1.000000,1.000000,1.000000,1.000000,0.617096,0.815615,1.000000,0.710743,0.891797,1.000000,1.000000,1.000000,0.969871,1.000000,1.000000,0.979247,1.000000,0.793051,0.893231,1.000000,1.000000,1.000000,1.000000,1.000000,0.795844,1.000000,0.447357,1.000000,1.000000,0.819902,0.959777,1.000000,0.739853,1.000000,1.000000,1.000000,0.768710,1.000000,0.991488,1.000000,1.000000,1.000000,0.434028,0.965238,0.770642,1.000000,1.000000,1.000000,1.000000,1.000000,0.971094,0.902930,1.000000,1.000000,0.858381,0.792421,1.000000,1.000000,0.986018
0.859211,0.859211,0.859211,0.981776,0.859211,0.859211,0.859211,0.979703,0.911125,0.859211,0.921315,0.859211,0.859211,0.859211,0.859211,0.859211,0.834171,0.859211,0.859211,0.816836,0.958472,1.000000,0.859211,0.859211,0.859211,0.859211,0.859211,0.859211,0.533123,0.859211,0.859211,0.859211,0.859211,0.859211,0.859211,0.877910,0.859211,0.983367,0.859211,0.859211,0.859211,0.859211,0.959197,0.713575,0.859211,0.890903,0.789060,0.859211,0.859211,0.859211,0.868588,0.859211,0.859211,0.664336,0.859211,0.777754,0.979837,0.859211,0.859211,0.859211,0.859211,0.859211,0.650072,0.859211,0.951355,0.859211,0.859211,0.852857,0.860764,0.950443,0.786729,0.859211,0.859211,0.859211,0.940807,0.859211,0.801943,0.859211,0.859211,0.859211,0.922572,0.931691,0.543998,0.859211,0.859211,0.859211,0.859211,0.859211,0.762841,0.823743,0.859211,0.859211,0.977770,0.826071,0.859211,0.859211,0.986813
0.694014,0.694014,0.694014,0.959092,0.694014,0.694014,0.694014,0.967550,0.559138,0.694014,0.412496,0.694014,0.694014,0.694014,0.694014,0.694014,0.303175,0.694014,0.694014,0.929748,0.051595,0.804718,0.694014,0.694014,0.694014,0.694014,0.694014,0.694014,1.000000,0.694014,0.694014,0.694014,0.694014,0.694014,0.694014,1.000000,0.694014,0.543089,0.694014,0.694014,0.694014,0.694014,0.525221,0.000000,0.694014,0.159538,1.000000,0.694014,0.694014,0.694014,0.248383,0.694014,0.694014,1.000000,0.694014,0.000000,0.207971,0.694014,0.694014,0.694014,0.694014,0.694014,0.458332,0.694014,0.000000,0.694014,0.694014,0.283753,0.000000,0.489802,0.722270,0.694014,0.694014,0.694014,0.713559,0.694014,0.986327,0.694014,0.694014,0.694014,0.979871,0.000000,0.308950,0.694014,0.694014,0.694014,0.694014,0.694014,0.435018,0.322898,0.694014,0.694014,0.682140,0.992174,0.694014,0.694014,0.000000
0.773148,0.773148,0.773148,0.841564,0.773148,0.773148,0.773148,0.932641,0.988621,0.773148,0.993599,0.773148,0.773148,0.773148,0.773148,0.773148,0.676624,0.773148,0.773148,0.996256,0.762532,0.791937,0.773148,0.773148,0.773148,0.773148,0.773148,0.773148,0.897012,0.773148,0.773148,0.773148,0.773148,0.773148,0.773148,0.978100,0.773148,0.875279,0.773148,0.773148,0.773148,0.773148,0.698883,0.703387,0.773148,0.585765,0.959647,0.773148,0.773148,0.773148,0.998827,0.773148,0.773148,0.766748,0.773148,0.741760,0.837037,0.773148,0.773148,0.773148,0.773148,0.773148,0.960880,0.773148,0.830960,0.773148,0.773148,0.813316,0.832283,0.988613,0.800251,0.773148,0.773148,0.773148,1.000000,0.773148,0.969480,0.773148,0.773148,0.773148,0.830927,0.976380,0.467669,0.773148,0.773148,0.773148,0.773148,0.773148,0.989203,0.988567,0.773148,0.773148,0.350267,0.974636,0.773148,0.773148,0.977134
0.768831,0.768831,0.768831,0.795682,0.768831,0.768831,0.768831,0.159014,1.000000,0.768831,0.995345,0.768831,0.768831,0.768831,0.768831,0.768831,0.772077,0.768831,0.768831,0.736939,0.000000,0.563067,0.768831,0.768831,0.768831,0.768831,0.768831,0.768831,0.902772,0.768831,0.768831,0.768831,0.768831,0.768831,0.768831,0.954122,0.768831,0.495893,0.768831,0.768831,0.768831,0.768831,0.000000,0.826999,0.768831,0.000000,0.980954,0.768831,0.768831,0.768831,1.000000,0.768831,0.768831,0.729579,0.768831,0.784300,0.000000,0.768831,0.768831,0.768831,0.768831,0.768831,1.000000,0.768831,0.186772,0.768831,0.768831,0.669376,0.660338,0.969597,0.632700,0.768831,0.768831,0.768831,0.856527,0.768831,1.000000,0.768831,0.768831,0.768831,0.055918,0.966264,0.435262,0.768831,0.768831,0.768831,0.768831,0.768831,1.000000,1.000000,0.768831,0.768831,0.000000,0.835409,0.768831,0.768831,0.988143
0.358596,0.358596,0.358596,0.509326,0.358596,0.358596,0.358596,0.377015,0.470503,0.358596,0.702933,0.358596,0.358596,0.358596,0.358596,0.358596,0.015965,0.358596,0.358596,0.843263,0.560269,0.887915,0.358596,0.358596,0.358596,0.358596,0.358596,0.358596,0.876049,0.358596,0.358596,0.358596,0.358596,0.358596,0.358596,0.975401,0.358596,0.742813,0.358596,0.358596,0.358596,0.358596,0.498296,0.541242,0.358596,0.830583,0.821953,0.358596,0.358596,0.358596,0.651751,0.358596,0.358596,0.877625,0.358596,0.807524,0.919901,0.358596,0.358596,0.358596,0.358596,0.358596,0.788660,0.358596,0.944004,0.358596,0.358596,0.475378,0.751155,0.446715,0.671374,0.358596,0.358596,0.358596,0.929473,0.358596,0.533432,0.358596,0.358596,0.358596,0.890036,0.875524,0.257678,0.358596,0.358596,0.358596,0.358596,0.358596,0.951286,0.803128,0.358596,0.358596,0.483331,0.873827,0.358596,0.358596,0.944167
0.106871,0.106871,0.106871,0.000000,0.106871,0.106871,0.106871,0.000000,0.275085,0.106871,0.242051,0.106871,0.106871,0.106871,0.106871,0.106871,0.213863,0.106871,0.106871,0.461423,0.493656,0.934450,0.106871,0.106871,0.106871,0.106871,0.106871,0.106871,0.657509,0.106871,0.106871,0.106871,0.106871,0.106871,0.106871,0.849664,0.106871,0.629513,0.106871,0.106871,0.106871,0.106871,0.565150,0.616306,0.106871,0.524644,0.449577,0.106871,0.106871,0.106871,0.393713,0.106871,0.106871,0.719463,0.106871,0.539287,0.926621,0.106871,0.106871,0.106871,0.106871,0.106871,0.387820,0.106871,0.848211,0.106871,0.106871,0.387176,0.511624,0.015184,0.105382,0.106871,0.106871,0.106871,0.616209,0.106871,0.000000,0.106871,0.106871,0.106871,0.849181,0.515833,0.000000,0.106871,0.106871,0.106871,0.106871,0.106871,0.767357,0.603829,0.106871,0.106871,0.280377,0.372789,0.106871,0.106871,0.858282
0.000000,0.000000,0.000000,0.063794,0.000000,0.000000,0.000000,0.043208,0.145657,0.000000,0.585855,0.000000,0.000000,0.000000,0.000000,0.000000,0.000000,0.000000,0.000000,0.635667,0.386842,0.897095,0.000000,0.000000,0.000000,0.000000,0.000000,0.000000,0.700609,0.000000,0.000000,0.000000,0.000000,0.000000,0.000000,0.903362,0.000000,0.553207,0.000000,0.000000,0.000000,0.000000,0.412992,0.498136,0.000000,0.713719,0.714663,0.000000,0.000000,0.000000,0.348811,0.000000,0.000000,0.815189,0.000000,0.731394,0.894584,0.000000,0.000000,0.000000,0.000000,0.000000,0.721208,0.000000,0.754813,0.000000,0.000000,0.000000,0.699313,0.000000,0.000000,0.000000,0.000000,0.000000,0.887864,0.000000,0.395915,0.000000,0.000000,0.000000,0.896616,0.679934,0.155789,0.000000,0.000000,0.000000,0.000000,0.000000,0.891301,0.692089,0.000000,0.000000,0.251034,0.464642,0.000000,0.000000,0.806256
0.536797,0.536797,0.536797,0.746541,0.536797,0.536797,0.536797,0.800478,0.000000,0.536797,0.645181,0.536797,0.536797,0.536797,0.536797,0.536797,0.610205,0.536797,0.536797,0.780964,0.636493,0.910578,0.536797,0.536797,0.536797,0.536797,0.536797,0.536797,0.714689,0.536797,0.536797,0.536797,0.536797,0.536797,0.536797,0.930539,0.536797,0.702220,0.536797,0.536797,0.536797,0.536797,0.976618,0.663904,0.536797,0.913278,0.852396,0.536797,0.536797,0.536797,0.655700,0.536797,0.536797,0.972857,0.536797,0.694986,0.958655,0.536797,0.536797,0.536797,0.536797,0.536797,0.378286,0.536797,0.952739,0.536797,0.536797,0.468482,0.608953,0.813761,0.882099,0.536797,0.536797,0.536797,0.842651,0.536797,0.602175,0.536797,0.536797,0.536797,1.000000,0.596983,0.847555,0.536797,0.536797,0.536797,0.536797,0.536797,0.626644,0.731596,0.536797,0.536797,0.981850,0.963122,0.536797,0.536797,0.782147
0.508259,0.508259,0.508259,0.870292,0.508259,0.508259,0.508259,0.666698,0.558554,0.508259,0.289203,0.508259,0.508259,0.508259,0.508259,0.508259,0.555148,0.508259,0.508259,0.503817,0.875873,0.971339,0.508259,0.508259,0.508259,0.508259,0.508259,0.508259,0.347863,0.508259,0.508259,0.508259,0.508259,0.508259,0.508259,0.347265,0.508259,0.522123,0.508259,0.508259,0.508259,0.508259,0.959635,0.507592,0.508259,0.764476,0.416916,0.508259,0.508259,0.508259,0.539136,0.508259,0.508259,0.293521,0.508259,0.785599,0.957991,0.508259,0.508259,0.508259,0.508259,0.508259,0.349107,0.508259,0.694607,0.508259,0.508259,0.578849,0.417466,0.451781,0.814412,0.508259,0.508259,0.508259,0.383104,0.508259,0.546314,0.508259,0.508259,0.508259,0.863329,0.539354,0.702312,0.508259,0.508259,0.508259,0.508259,0.508259,0.463770,0.480377,0.508259,0.508259,0.932922,0.272759,0.508259,0.508259,0.876957
0.582447,0.582447,0.582447,0.986650,0.582447,0.582447,0.582447,0.743426,0.769852,0.582447,0.570784,0.582447,0.582447,0.582447,0.582447,0.582447,0.637906,0.582447,0.582447,0.856235,0.833353,0.923150,0.582447,0.582447,0.582447,0.582447,0.582447,0.582447,0.858276,0.582447,0.582447,0.582447,0.582447,0.582447,0.582447,0.859832,0.582447,0.848952,0.582447,0.582447,0.582447,0.582447,0.896012,0.739150,0.582447,0.739769,0.778654,0.582447,0.582447,0.582447,0.670935,0.582447,0.582447,0.704221,0.582447,0.737119,0.936573,0.582447,0.582447,0.582447,0.582447,0.582447,0.852906,0.582447,0.973732,0.582447,0.582447,0.681553,0.600414,0.575516,0.919389,0.582447,0.582447,0.582447,0.650467,0.582447,0.832633,0.582447,0.582447,0.582447,0.841568,0.768229,0.783369,0.582447,0.582447,0.582447,0.582447,0.582447,0.807046,0.923567,0.582447,0.582447,0.674878,0.901960,0.582447,0.582447,0.949666
0.376345,0.376345,0.376345,0.810965,0.376345,0.376345,0.376345,0.687336,0.127847,0.376345,0.000000,0.376345,0.376345,0.376345,0.376345,0.376345,0.320754,0.376345,0.376345,0.550464,0.947985,0.994630,0.376345,0.376345,0.376345,0.376345,0.376345,0.376345,0.443628,0.376345,0.376345,0.376345,0.376345,0.376345,0.376345,0.176609,0.376345,0.331928,0.376345,0.376345,0.376345,0.376345,0.996456,0.103273,0.376345,0.911026,0.220566,0.376345,0.376345,0.376345,0.304871,0.376345,0.376345,0.000000,0.376345,0.883389,0.989672,0.376345,0.376345,0.376345,0.376345,0.376345,0.000000,0.376345,0.605344,0.376345,0.376345,0.671708,0.670094,0.349549,0.846688,0.376345,0.376345,0.376345,0.000000,0.376345,0.228467,0.376345,0.376345,0.376345,0.899139,0.570464,0.851420,0.376345,0.376345,0.376345,0.376345,0.376345,0.069356,0.000000,0.376345,0.376345,0.996127,0.280665,0.376345,0.376345,0.853704
0.544637,0.544637,0.544637,0.937432,0.544637,0.544637,0.544637,0.872182,0.521910,0.544637,0.610268,0.544637,0.544637,0.544637,0.544637,0.544637,0.571542,0.544637,0.544637,0.825901,0.904876,0.949106,0.544637,0.544637,0.544637,0.544637,0.544637,0.544637,0.665107,0.544637,0.544637,0.544637,0.544637,0.544637,0.544637,0.752193,0.544637,0.714124,0.544637,0.544637,0.544637,0.544637,0.931849,0.591022,0.544637,0.767987,0.634663,0.544637,0.544637,0.544637,0.617688,0.544637,0.544637,0.465366,0.544637,0.602191,0.925456,0.544637,0.544637,0.544637,0.544637,0.544637,0.467847,0.544637,0.912785,0.544637,0.544637,0.607674,0.485703,0.574625,0.850303,0.544637,0.544637,0.544637,0.202305,0.544637,0.651865,0.544637,0.544637,0.544637,0.881533,0.673115,0.569552,0.544637,0.544637,0.544637,0.544637,0.544637,0.471126,0.769250,0.544637,0.544637,0.924413,0.832755,0.544637,0.544637,0.788127
0.372124,0.372124,0.372124,0.785161,0.372124,0.372124,0.372124,0.766565,0.286120,0.372124,0.026575,0.372124,0.372124,0.372124,0.372124,0.372124,0.301095,0.372124,0.372124,0.303482,0.901294,0.972207,0.372124,0.372124,0.372124,0.372124,0.372124,0.372124,0.000000,0.372124,0.372124,0.372124,0.372124,0.372124,0.372124,0.000000,0.372124,0.000000,0.372124,0.372124,0.372124,0.372124,0.967966,0.006128,0.372124,0.823266,0.000000,0.372124,0.372124,0.372124,0.328391,0.372124,0.372124,0.087065,0.372124,0.802853,0.969826,0.372124,0.372124,0.372124,0.372124,0.372124,0.077486,0.372124,0.562060,0.372124,0.372124,0.477314,0.386456,0.215238,0.745714,0.372124,0.372124,0.372124,0.236991,0.372124,0.373520,0.372124,0.372124,0.372124,0.884821,0.406867,0.577535,0.372124,0.372124,0.372124,0.372124,0.372124,0.000000,0.323432,0.372124,0.372124,0.969206,0.000000,0.372124,0.372124,0.811310
0.663159,0.663159,0.663159,0.884243,0.663159,0.663159,0.663159,0.577497,0.597049,0.663159,0.598463,0.663159,0.663159,0.663159,0.663159,0.663159,0.596433,0.663159,0.663159,0.774196,0.996881,0.865944,0.663159,0.663159,0.663159,0.663159,0.663159,0.663159,0.915267,0.663159,0.663159,0.663159,0.663159,0.663159,0.663159,0.830644,0.663159,0.653390,0.663159,0.663159,0.663159,0.663159,1.000000,0.683013,0.663159,0.983556,0.516292,0.663159,0.663159,0.663159,0.312415,0.663159,0.663159,0.240806,0.663159,0.979487,0.997189,0.663159,0.663159,0.663159,0.663159,0.663159,0.401651,0.663159,0.961277,0.663159,0.663159,0.982969,0.960235,0.688457,0.999909,0.663159,0.663159,0.663159,0.719442,0.663159,0.456925,0.663159,0.663159,0.663159,0.522646,0.812797,0.986829,0.663159,0.663159,0.663159,0.663159,0.663159,0.469931,0.681097,0.663159,0.663159,0.955907,0.726432,0.663159,0.663159,0.975224
0.666041,0.666041,0.666041,0.923346,0.666041,0.666041,0.666041,0.754568,0.803726,0.666041,0.780052,0.666041,0.666041,0.666041,0.666041,0.666041,0.909014,0.666041,0.666041,0.808729,0.916565,0.927575,0.666041,0.666041,0.666041,0.666041,0.666041,0.666041,0.799134,0.666041,0.666041,0.666041,0.666041,0.666041,0.666041,0.890881,0.666041,0.733338,0.666041,0.666041,0.666041,0.666041,0.966953,0.781941,0.666041,0.804583,0.688336,0.666041,0.666041,0.666041,0.588230,0.666041,0.666041,0.486363,0.666041,0.697292,0.936417,0.666041,0.666041,0.666041,0.666041,0.666041,0.647736,0.666041,0.904658,0.666041,0.666041,0.717595,0.538608,0.770057,0.878808,0.666041,0.666041,0.666041,0.533167,0.666041,0.584432,0.666041,0.666041,0.666041,0.708026,0.830280,0.735127,0.666041,0.666041,0.666041,0.666041,0.666041,0.629431,0.767162,0.666041,0.666041,0.881279,0.843957,0.666041,0.666041,0.949706
0.624556,0.624556,0.624556,0.960976,0.624556,0.624556,0.624556,0.431088,0.820372,0.624556,0.801566,0.624556,0.624556,0.624556,0.624556,0.624556,0.943141,0.624556,0.624556,1.000000,0.826621,0.986615,0.624556,0.624556,0.624556,0.624556,0.624556,0.624556,0.709613,0.624556,0.624556,0.624556,0.624556,0.624556,0.624556,0.877190,0.624556,0.238091,0.624556,0.624556,0.624556,0.624556,0.887007,0.925540,0.624556,0.656272,0.789666,0.624556,0.624556,0.624556,0.913496,0.624556,0.624556,0.821389,0.624556,0.710194,0.938502,0.624556,0.624556,0.624556,0.624556,0.624556,0.782198,0.624556,0.809544,0.624556,0.624556,0.740335,0.626038,0.927787,0.820479,0.624556,0.624556,0.624556,0.717206,0.624556,0.773336,0.624556,0.624556,0.624556,0.834015,0.926661,0.739615,0.624556,0.624556,0.624556,0.624556,0.624556,0.792689,0.722990,0.624556,0.624556,0.886894,0.750814,0.624556,0.624556,0.983650
0.239099,0.239099,0.239099,0.933405,0.239099,0.239099,0.239099,0.307295,0.779913,0.239099,0.695996,0.239099,0.239099,0.239099,0.239099,0.239099,0.775618,0.239099,0.239099,0.965122,0.813633,0.990859,0.239099,0.239099,0.239099,0.239099,0.239099,0.239099,0.681916,0.239099,0.239099,0.239099,0.239099,0.239099,0.239099,0.857429,0.239099,0.458185,0.239099,0.239099,0.239099,0.239099,0.879113,0.829863,0.239099,0.713870,0.745880,0.239099,0.239099,0.239099,0.848352,0.239099,0.239099,0.769868,0.239099,0.576803,0.954120,0.239099,0.239099,0.239099,0.239099,0.239099,0.645022,0.239099,0.727010,0.239099,0.239099,0.677016,0.623821,0.823601,0.740176,0.239099,0.239099,0.239099,0.661334,0.239099,0.707485,0.239099,0.239099,0.239099,0.865704,0.928336,0.581163,0.239099,0.239099,0.239099,0.239099,0.239099,0.704512,0.729837,0.239099,0.239099,0.889428,0.839874,0.239099,0.239099,0.970391
0.795715,0.795715,0.795715,0.597354,0.795715,0.795715,0.795715,0.013177,0.312350,0.795715,0.644882,0.795715,0.795715,0.795715,0.795715,0.795715,0.613498,0.795715,0.795715,0.000000,1.000000,0.000000,0.795715,0.795715,0.795715,0.795715,0.795715,0.795715,0.955718,0.795715,0.795715,0.795715,0.795715,0.795715,0.795715,0.640811,0.795715,0.587327,0.795715,0.795715,0.795715,0.795715,0.989749,0.612005,0.795715,1.000000,0.662445,0.795715,0.795715,0.795715,0.000000,0.795715,0.795715,0.237842,0.795715,1.000000,1.000000,0.795715,0.795715,0.795715,0.795715,0.795715,0.679072,0.795715,0.919337,0.795715,0.795715,1.000000,1.000000,0.639578,1.000000,0.795715,0.795715,0.795715,0.629480,0.795715,0.165644,0.795715,0.795715,0.795715,0.246087,0.684714,1.000000,0.795715,0.795715,0.795715,0.795715,0.795715,0.545764,0.671753,0.795715,0.795715,0.908032,0.668862,0.795715,0.795715,0.961945
0.867488,0.867488,0.867488,0.939290,0.867488,0.867488,0.867488,0.710163,0.964687,0.867488,0.893626,0.867488,0.867488,0.867488,0.867488,0.867488,1.000000,0.867488,0.867488,0.621715,0.605547,0.722837,0.867488,0.867488,0.867488,0.867488,0.867488,0.867488,0.879147,0.867488,0.867488,0.867488,0.867488,0.867488,0.867488,0.908029,0.867488,0.750200,0.867488,0.867488,0.867488,0.867488,0.460569,1.000000,0.867488,0.404668,0.815712,0.867488,0.867488,0.867488,0.930968,0.867488,0.867488,0.829660,0.867488,0.631624,0.614729,0.867488,0.867488,0.867488,0.867488,0.867488,0.774733,0.867488,0.950390,0.867488,0.867488,0.528758,0.248487,0.923089,0.799278,0.867488,0.867488,0.867488,0.612981,0.867488,0.548015,0.867488,0.867488,0.867488,0.000000,0.929752,0.411855,0.867488,0.867488,0.867488,0.867488,0.867488,0.758922,0.709281,0.867488,0.867488,0.624608,0.923013,0.867488,0.867488,0.994789
